<?xml version="1.0" encoding="utf-8"?><testclasses><trainingcore><testclass>org.training.core.retention.impl.DefaultCustomerCleanupRelatedObjectsActionTest</testclass><testclass>org.training.core.integration.CheckoutWithExternalTaxesIntegrationTest</testclass><testclass>org.training.core.job.CustomersWithOrdersRetentionCronJobIntegrationTest</testclass><testclass>org.training.core.comparators.VolumeAwarePriceInformationComparatorTest</testclass><testclass>org.training.core.externaltax.mock.MockCalculateExternalTaxesStrategy</testclass><testclass>org.training.core.suggestion.DefaultSimpleSuggestionServiceIntegrationTest</testclass><testclass>org.training.core.batch.task.BatchIntegrationTest</testclass><testclass>org.training.core.retention.impl.DefaultCSTicketStagnationActionTest</testclass><testclass>org.training.core.actions.quote.MarkQuoteNotificationAsSentActionTest</testclass><testclass>org.training.core.job.QuoteExpiredJobPerformableTest</testclass><testclass>org.training.core.job.CustomersWithoutOrdersRetentionCronJobIntegrationTest</testclass><testclass>org.training.core.suggestion.impl.DefaultSimpleSuggestionServiceTest</testclass><testclass>org.training.core.job.TicketsRetentionCronJobIntegrationTest</testclass><testclass>org.training.core.job.QuoteToExpireSoonJobPerformableTest</testclass><testclass>org.training.core.job.OrdersRetentionCronJobIntegrationTest</testclass></trainingcore></testclasses>