<?xml version="1.0" encoding="UTF-8"?>
<!--
 Copyright (c) 2019 SAP SE or an SAP affiliate company. All rights reserved.
-->
<beans xmlns="http://www.springframework.org/schema/beans"
       xmlns:xsi="http://www.w3.org/2001/XMLSchema-instance"
       xmlns:context="http://www.springframework.org/schema/context"
       xsi:schemaLocation="http://www.springframework.org/schema/beans
           http://www.springframework.org/schema/beans/spring-beans.xsd
           http://www.springframework.org/schema/context
           http://www.springframework.org/schema/context/spring-context.xsd">

    <context:annotation-config/>

    <alias name="defaultQuoteBuyerSubmitAction" alias="quoteBuyerSubmitAction"/>
    <bean id="defaultQuoteBuyerSubmitAction"
          class="org.training.core.actions.quote.QuoteBuyerSubmitAction"
          parent="abstractAction">
        <property name="commerceQuoteService" ref="commerceQuoteService"/>
        <property name="quoteService" ref="quoteService"/>
    </bean>

    <bean id="generateBuyerQuoteSubmissionEmail" parent="abstractGenerateEmailAction">
        <property name="frontendTemplateName" value="QuoteBuyerSubmissionEmailTemplate"/>
    </bean>

</beans>
